{"cameraMode":{"drawMode":0,"name":"Shaded","section":"Shading Mode"},"sceneLighting":false,"audioPlay":false,"sceneViewState":{"m_AlwaysRefresh":false,"showFog":false,"showSkybox":false,"showFlares":false,"showImageEffects":false,"showParticleSystems":false,"showVisualEffectGraphs":true,"m_FxEnabled":true},"in2DMode":false,"pivot":{"x":0.025081157684326173,"y":8.194768905639649,"z":-0.42714691162109377},"rotation":{"x":0.020027831196784974,"y":0.9792726039886475,"z":-0.12255392968654633,"w":0.16004440188407899},"size":11.078930854797364,"orthographic":false}