{"cameraMode":{"drawMode":0,"name":"Shaded","section":"Shading Mode"},"sceneLighting":false,"audioPlay":false,"sceneViewState":{"m_AlwaysRefresh":false,"showFog":true,"showSkybox":false,"showFlares":true,"showImageEffects":true,"showParticleSystems":true,"showVisualEffectGraphs":true,"m_FxEnabled":true},"in2DMode":false,"pivot":{"x":0.11278843879699707,"y":7.011898040771484,"z":-0.06139087677001953},"rotation":{"x":-0.004976395983248949,"y":-0.9948835372924805,"z":0.07926038652658463,"w":-0.06246412545442581},"size":8.390896797180176,"orthographic":false}