{"cameraMode":{"drawMode":0,"name":"Shaded","section":"Shading Mode"},"sceneLighting":true,"audioPlay":false,"sceneViewState":{"m_AlwaysRefresh":false,"showFog":true,"showSkybox":true,"showFlares":true,"showImageEffects":true,"showParticleSystems":true,"showVisualEffectGraphs":true,"m_FxEnabled":true},"in2DMode":false,"pivot":{"x":-0.002875685691833496,"y":9.870885848999024,"z":-0.41172826290130618},"rotation":{"x":-0.004976395983248949,"y":-0.9948835372924805,"z":0.07926038652658463,"w":-0.06246412545442581},"size":8.859618186950684,"orthographic":false}