{"cameraMode":{"drawMode":0,"name":"Shaded","section":"Shading Mode"},"sceneLighting":true,"audioPlay":false,"sceneViewState":{"m_AlwaysRefresh":false,"showFog":true,"showSkybox":true,"showFlares":true,"showImageEffects":true,"showParticleSystems":true,"showVisualEffectGraphs":true,"m_FxEnabled":true},"in2DMode":false,"pivot":{"x":0.9488913416862488,"y":8.130959510803223,"z":-0.31866455078125},"rotation":{"x":-0.0029400880448520185,"y":-0.9896510243415833,"z":0.14198772609233857,"w":-0.020492274314165117},"size":11.079251289367676,"orthographic":false}