{"cameraMode":{"drawMode":0,"name":"Shaded","section":"Shading Mode"},"sceneLighting":false,"audioPlay":false,"sceneViewState":{"m_AlwaysRefresh":false,"showFog":false,"showSkybox":false,"showFlares":false,"showImageEffects":false,"showParticleSystems":false,"showVisualEffectGraphs":true,"m_FxEnabled":true},"in2DMode":false,"pivot":{"x":-3.742856979370117,"y":8.52434253692627,"z":2.9601683616638185},"rotation":{"x":0.000005932150088483468,"y":0.9999945759773254,"z":-0.0018096249550580979,"w":0.003300893120467663},"size":18.563030242919923,"orthographic":false}